HOLDINGS,,,,,,,,,,,,,,,
ACCOUNT NUMBER,DESCRIPTION,SYMBOL,CUSIP,QUANTITY,PRICE,AS OF,FACTOR,CHANGE IN PRICE,VALUE,CHANGE IN VALUE,PERCENT CHANGE,YIELD,UNREALIZED GAIN/LOSS $,UNREALIZED GAIN/LOSS %,PERCENT OF PORTFOLIO
ACCT-06,COGNEX CORP,CGNX,192422103,1,51.24,,1,1.72,,,0.0347,0.0066,,,
ACCT-06,ASTERA LABS INC,ALAB,04626A103,1,119.24,,1,1.25,,,0.0106,0,,,
ACCT-04,ANALOG DEVICES INC,ADI,,1,,,,,,,,,,,
ACCT-10,ISHARES CORE MSCI EMERGING MARKETS ETF,IEMG,46434G103,1,69.77,,1,-0.37,,,-0.0053,0.0265,,,
ACCT-06,AMERICAN EAGLE OUTFITTERS INC NEW,AEO,02553E106,1,17.435,,1,-0.05,,,-0.0026,0.0287,,,
ACCT-07,CHURCH & DWIGHT CO INC,CHD,171340102,1,92.455,,1,-0.67,,,-0.0072,0.0133,,,
ACCT-06,HALOZYME THERAPEUTICS INC,HALO,40637H109,1,63.715,,1,0.64,,,0.0101,0,,,
ACCT-13,AMAZON.COM INC,AMZN,023135106,1,212.12,,1,-0.67,,,-0.0031,0,,,
ACCT-06,MUNICIPAL GO BOND SER A BE/R/ RATE 05.000% MATURES 04/01/28,,ZZ0000001,1,,,,,,,,,,,
ACCT-05,VISTRA CORP,VST,92840M102,1,151.945,,1,0.35,,,0.0023,0.006,,,
ACCT-11,ISHARES RUSSELL 2000 ETF,IWM,,1,,,,,,,,,,,
ACCT-13,JAZZ PHARMACEUTICALS PLC,JAZZ,G50871105,1,190.535,,1,3.69,,,0.0197,0,,,
ACCT-06,CHAMPION HOMES INC,SKY,830830105,1,73.445,,1,-1.65,,,-0.0219,0,,,
ACCT-03,KRATOS DEFENSE & SEC SOLUTIONSCOM NEW,KTOS,50077B207,1,72.025,,1,-2.06,,,-0.0279,0,,,
ACCT-06,VICTORIAS SECRET & CO,VSCO,926400102,1,48.105,,1,-0.16,,,-0.0032,0,,,
ACCT-11,VANGUARD INFORMATION TECHNOLOGY ETF,VGT,,1,,,,,,,,,,,
ACCT-06,SERVICETITAN INC CL A,TTAN,81764X103,1,63.17,,1,0.16,,,0.0025,0,,,
ACCT-11,SCHWAB US DIVIDEND EQUITY ETF,SCHD,,1,,,,,,,,,,,
ACCT-07,SCHWAB CHARLES CORP NEW,SCHW,808513105,1,92.53,,1,-0.46,,,-0.0049,0.0138,,,
ACCT-04,SAP SE ADR,SAP,,1,,,,,,,,,,,
ACCT-05,BUILDERS FIRSTSOURCE INC,BLDR,12008R107,1,79.52,,1,-2.54,,,-0.031,0,,,
ACCT-06,RED ROCK RESORTS INC CL A,RRR,75700L108,1,55.62,,1,-0.12,,,-0.0022,0.0187,,,
ACCT-03,ILLUMINA INC,ILMN,452327109,1,126.705,,1,-1.03,,,-0.008100000000000001,0,,,
ACCT-07,APPLE INC,AAPL,037833100,1,250.325,,1,-8.54,,,-0.033,0.0042,,,
ACCT-07,TEXAS INSTRUMENTS,TXN,882508104,1,199,,1,-0.42,,,-0.0021,0.0285,,,
ACCT-13,UNILEVER PLC SPON ADR,UL,904767803,1,55.855,,1,-0.18,,,-0.0031,0.0411,,,
ACCT-04,SYNOPSYS INC,SNPS,,1,,,,,,,,,,,
ACCT-07,DOMINION ENERGY INC,D,25746U109,1,63.02,,1,0.8,,,0.0129,0.0424,,,
ACCT-05,PALANTIR TECHNOLOGIES INC CL A,PLTR,69608A108,1,149.085,,1,1.16,,,0.007800000000000001,0,,,
ACCT-06,CREDO TECHNOLOGY GROUP HLDG,CRDO,G25457105,1,104.595,,1,2.14,,,0.0208,0,,,
ACCT-06,NATIONAL VISION HLDGS INC,EYE,63845R107,1,24.275,,1,-0.51,,,-0.0204,0,,,
ACCT-13,MUNICIPAL GO BOND SER B BE/R/ RATE 05.000% MATURES 06/15/29,,ZZ0000002,1,,,,,,,,,,,
ACCT-11,ISHARES CORE US AGGREGATE BOND ETF,AGG,,1,,,,,,,,,,,
ACCT-13,TAIWAN SEMICONDUCTOR MFG CO LTD ADR,TSM,874039100,1,340.988,,1,-0.77,,,-0.0023,0.008199999999999999,,,
ACCT-03,ROBINHOOD MKTS INC CL A,HOOD,770700102,1,69.02,,1,-0.76,,,-0.0109,0,,,
ACCT-04,ROPER TECHNOLOGIES INC,ROP,,1,,,,,,,,,,,
ACCT-05,E L F BEAUTY INC,ELF,26856L103,1,61.67,,1,-1.55,,,-0.0245,0,,,
ACCT-13,BARCLAYS PLC ADR,BCS,06738E204,1,21.68,,1,-0.24,,,-0.0109,0.0206,,,
ACCT-05,CLEAN HARBORS INC,CLH,184496107,1,299.7,,1,0.06,,,0.0002,0,,,
ACCT-06,LUMENTUM HOLDINGS INC,LITE,55024U109,1,803.96,,1,31.68,,,0.04099999999999999,0,,,
ACCT-04,FORTINET INC,FTNT,,1,,,,,,,,,,,
ACCT-05,CAVA GROUP INC,CAVA,148929102,1,83.5,,1,1.37,,,0.0167,0,,,
ACCT-06,ADVANCED ENERGY INDUSTRIES INC,AEIS,007973100,1,335.95,,1,4.05,,,0.0122,0.0012,,,
ACCT-06,ZURN ELKAY WATER SOLUTION CORP,ZWS,98983L108,1,45.305,,1,0.1,,,0.0023,0.0097,,,
ACCT-06,IRHYTHM HOLDINGS INC,IRTC,450056106,1,116.82,,1,-0.4,,,-0.0034,0,,,
ACCT-11,VANGUARD TOTAL BOND MARKET ETF,BND,,1,,,,,,,,,,,
ACCT-07,OLD DOMINION FREIGHT LINES INC,ODFL,679580100,1,199.89,,1,-2.29,,,-0.0113,0.0058,,,
ACCT-06,RUSH STR INTERACTIVE INC CL A,RSI,782011100,1,22.035,,1,-0.09,,,-0.0038,0,,,
ACCT-06,BLOOM ENERGY CORP CL A,BE,093712107,1,136.28,,1,1.28,,,0.0095,0,,,
ACCT-03,VERACYTE INC,VCYT,92337F107,1,31.855,,1,-0.46,,,-0.0144,0,,,
ACCT-13,ALPHABET INC CL A,GOOGL,02079K305,1,303.03,,1,3.04,,,0.0101,0.0028,,,
ACCT-13,TEXAS INSTRUMENTS,TXN,882508104,1,199,,1,-0.42,,,-0.0021,0.0285,,,
ACCT-05,SHERWIN WILLIAMS CO,SHW,824348106,1,313.355,,1,-3.03,,,-0.0096,0.0102,,,
ACCT-02,POLESTAR AUTOMOTIVE HLDG CL A ADR,PSNY,731105409,1,19.83,,1,0,,,<.01%,0,,,
ACCT-05,L3 HARRIS TECHNOLOGIES INC,LHX,502431109,1,356.39,,1,-2.34,,,-0.006500000000000001,0.014,,,
ACCT-03,ALIBABA GROUP HLDG LTD SPON ADR,BABA,01609W102,1,118.905,,1,-3.41,,,-0.0278,0.0087,,,
ACCT-05,TKO GROUP HLDGS INC CL A,TKO,87256C101,1,189.38,,1,-7.64,,,-0.0388,0.0143,,,
ACCT-10,SCHWAB US BROAD MKT ETF,SCHB,808524102,1,25.38,,1,-0.06,,,-0.0024,0.0117,,,
ACCT-06,EVERUS CONSTR GROUP COM,ECG,300426103,1,119.55,,1,-1.09,,,-0.009000000000000001,0,,,
ACCT-13,FERGUSON INC,FERG,31488V107,1,236.16,,1,-2.94,,,-0.0123,0.0151,,,
ACCT-06,DIGITALOCEAN HLDGS INC,DOCN,25402D102,1,85.745,,1,-1.32,,,-0.0152,0,,,
ACCT-11,VANGUARD S&P 500 ETF,VOO,,1,,,,,,,,,,,
ACCT-06,PAYMENTUS HLDGS INC CL A,PAY,70439P108,1,25.28,,1,-0.07,,,-0.0028,0,,,
ACCT-05,TJX COS INC NEW,TJX,872540109,1,158.72,,1,-3.1,,,-0.0192,0.0121,,,
ACCT-05,TRACTOR SUPPLY COMPANY,TSCO,892356106,1,43.77,,1,-1.62,,,-0.0357,0.0219,,,
ACCT-08,MUNICIPAL REVENUE BOND SER A RV BE/R/ RATE 05.000% MATURES 05/15/30,,ZZ0000003,1,,,,,,,,,,,
ACCT-13,INTACT FINL CORP CAD,IFCZF,45823T106,1,178.469,,1,1.91,,,0.0108,0.0236,,,
ACCT-07,ALTRIA GROUP INC,MO,02209S103,1,67.085,,1,0.53,,,0.008,0.0632,,,
ACCT-12,UBS BANK USA DEPOSIT ACCOUNT,,,,,,,,,,<.01%,0.001,,,
ACCT-11,VANGUARD TOTAL STOCK MARKET ETF,VTI,,1,,,,,,,,,,,
ACCT-09,UBS Insured Sweep Program,,,,,,,,,,<.01%,0.001,,,
ACCT-06,INDIVIOR PHARMACEUTICALS INC,INDV,45579U109,1,30.31,,1,-0.11,,,-0.0036,0,,,
ACCT-13,WEIR GROUP PLC SPON ADR,WEGRY,94876Q205,1,19.24,,1,-0.33,,,-0.0169,0.0122,,,
ACCT-06,IPG PHOTONICS CORP,IPGP,44980X109,1,111.74,,1,1.34,,,0.0121,0,,,
ACCT-06,CELSIUS HOLDINGS INC COM NEW,CELH,15118V207,1,34.56,,1,-1.57,,,-0.0435,0,,,
ACCT-06,UBS Insured Sweep Program,,,,,,,,,,<.01%,0.001,,,
ACCT-13,TRANE TECHNOLOGIES PLC,TT,G8994E103,1,429.87,,1,-1.02,,,-0.0024,0.0098,,,
ACCT-10,UBS BANK USA DEPOSIT ACCOUNT,,,,,,,,,,<.01%,0.001,,,
ACCT-06,HINGE HEALTH INC CL A,HNGE,433313103,1,38.78,,1,-0.41,,,-0.0105,0,,,
ACCT-13,CRH PLC ORD SHS .32 EACH ORD EUR,CRH,G25508105,1,105.71,,1,-0.62,,,-0.0058,0.0148,,,
ACCT-06,FASTLY INC CL A,FSLY,31188V100,1,31.65,,1,0.11,,,0.0035,0,,,
ACCT-12,SCHWAB US BROAD MKT ETF,SCHB,808524102,1,25.38,,1,-0.06,,,-0.0024,0.0117,,,
ACCT-02,MICROSOFT CORP,MSFT,594918104,1,371.015,,1,-1.87,,,-0.005,0.0098,,,
ACCT-04,ADOBE INC,ADBE,,1,,,,,,,,,,,
ACCT-07,STARBUCKS CORP,SBUX,855244109,1,94.81,,1,0.03,,,0.0003,0.0262,,,
ACCT-04,PALO ALTO NETWORKS INC,PANW,,1,,,,,,,,,,,
ACCT-05,SERVICENOW INC,NOW,81762P102,1,101.07,,1,-1.35,,,-0.0132,0,,,
ACCT-07,VISA INC CL A,V,92826C839,1,303.28,,1,-0.05,,,-0.0002,0.0088,,,
ACCT-05,NATERA INC,NTRA,632307104,1,207.235,,1,2.37,,,0.0115,0,,,
ACCT-13,YUM CHINA HLDGS INC,YUMC,98850P109,1,48.07,,1,-0.29,,,-0.006,0.0241,,,
ACCT-04,DELL TECHNOLOGIES INC CL C,DELL,,1,,,,,,,,,,,
ACCT-13,LAUDER ESTEE COS CL A,EL,518439104,1,69.78,,1,-1.13,,,-0.0159,0.0201,,,
ACCT-04,MARVELL TECHNOLOGY INC,MRVL,,1,,,,,,,,,,,
ACCT-06,PLANET LABS PBC CL A,PL,72703X106,1,35.3,,1,0.28,,,0.008,0,,,
ACCT-13,TENCENT HLDGS LTD ADR,TCEHY,88032Q109,1,61.93,,1,-0.47,,,-0.0075,0.008100000000000001,,,
ACCT-03,SPOTIFY TECHNOLOGY SA EUR,SPOT,L8681T102,1,485.69,,1,1.21,,,0.0025,0,,,
ACCT-04,ATLASSIAN CORP CL A,TEAM,,1,,,,,,,,,,,
ACCT-03,ROKU INC,ROKU,77543R102,1,99.875,,1,1.67,,,0.0171,0,,,
ACCT-03,10X GENOMICS INC CL A,TXG,88025U109,1,21.81,,1,-0.08,,,-0.0037,0,,,
ACCT-04,MOTOROLA SOLUTIONS INC,MSI,,1,,,,,,,,,,,
ACCT-06,BILL HOLDINGS INC,BILL,090043100,1,38.865,,1,0.38,,,0.0097,0,,,
ACCT-06,REMITLY GLOBAL INC,RELY,75960P104,1,16.325,,1,0.11,,,0.0071,0,,,
ACCT-04,SALESFORCE INC,CRM,,1,,,,,,,,,,,
ACCT-13,GILEAD SCIENCES INC,GILD,375558103,1,138.51,,1,-1.62,,,-0.0116,0.0237,,,
ACCT-06,DAVE INC,DAVE,23834J201,1,169.52,,1,-4.51,,,-0.0259,0,,,
ACCT-11,VANGUARD FTSE EMERGING MARKETS ETF,VWO,,1,,,,,,,,,,,
ACCT-13,MICROSOFT CORP,MSFT,594918104,1,371.015,,1,-1.87,,,-0.005,0.0098,,,
ACCT-05,SNOWFLAKE INC CL A,SNOW,833445109,1,149.925,,1,0.55,,,0.0036,0,,,
ACCT-06,HIMS & HERS HEALTH INC,HIMS,433000106,1,19.665,,1,-0.66,,,-0.0327,0,,,
ACCT-05,"DOXIMITY, INC CL A",DOCS,26622P107,1,22.695,,1,-0.36,,,-0.0158,0,,,
ACCT-07,MUNICIPAL REVENUE BOND SER C RV BE/R/ RATE 04.000% MATURES 08/01/31,,ZZ0000004,1,,,,,,,,,,,
ACCT-03,PACIFIC BIOSCIENCES OF CALIF,PACB,69404D108,1,1.445,,1,0.03,,,0.0176,0,,,
ACCT-03,CIRCLE INTERNET GROUP INC,CRCL,172573107,1,94.61,,1,2.46,,,0.0267,0,,,
ACCT-06,ULTRA CLEAN HOLDINGS INC,UCTT,90385V107,1,63.29,,1,-0.01,,,-0.0002,0,,,
ACCT-02,NVIDIA CORP,NVDA,67066G104,1,175.88,,1,-1.76,,,-0.009899999999999999,0.0002,,,
ACCT-03,BULLISH,BLSH,G16910120,1,37.33,,1,-0.02,,,-0.0005,0,,,
ACCT-04,MICRON TECHNOLOGY INC,MU,,1,,,,,,,,,,,
ACCT-06,MURPHY OIL CORP,MUR,626717102,1,42.6,,1,0.92,,,0.0221,0.0329,,,
ACCT-03,ALPHABET INC CL C,GOOG,02079K107,1,301.19,,1,3.53,,,0.0119,0.0028,,,
ACCT-04,KLA CORP,KLAC,,1,,,,,,,,,,,
ACCT-13,ALCON INC CHF,ALC,H01301128,1,74.43,,1,-0.2,,,-0.0027,0.004699999999999999,,,
ACCT-05,VERTEX PHARMACEUTICAL INC,VRTX,92532F100,1,429.52,,1,-4.78,,,-0.011,0,,,
ACCT-03,ROBLOX CORP CL A,RBLX,771049103,1,57.06,,1,-0.14,,,-0.0024,0,,,
ACCT-13,JPMORGAN CHASE & CO,JPM,46625H100,1,296.31,,1,0.86,,,0.0029,0.0202,,,
ACCT-05,ROBLOX CORP CL A,RBLX,771049103,1,57.06,,1,-0.14,,,-0.0024,0,,,
ACCT-06,SITIME CORP,SITM,82982T106,1,364.995,,1,1.06,,,0.0029,0,,,
ACCT-05,LIBERTY MEDIA GROUP,FWONK,531229755,1,86.14,,1,-0.06,,,-0.0007000000000000001,0,,,
ACCT-04,INTEL CORP,INTC,,1,,,,,,,,,,,
ACCT-03,GENEDX HLDGS CORP CL A,WGS,81663L200,1,66.01,,1,-0.6,,,-0.009000000000000001,0,,,
ACCT-06,LENDINGCLUB CORP,LC,52603A208,1,14.57,,1,-0.17,,,-0.0115,0,,,
ACCT-07,NORFOLK STHN CORP,NSC,655844108,1,288.735,,1,0.69,,,0.0024,0.0187,,,
ACCT-09,Trade Date Balance,,,,,,,,,,<.01%,,,,
ACCT-04,INTUIT INC,INTU,,1,,,,,,,,,,,
ACCT-04,AUTOMATIC DATA PROCESSING INC,ADP,,1,,,,,,,,,,,
ACCT-03,TEMPUS AI INC CL A CL A,TEM,88023B103,1,46.62,,1,-0.68,,,-0.0144,0,,,
ACCT-06,BOOT BARN HLDGS INC,BOOT,099406100,1,149.385,,1,0.35,,,0.0024,0,,,
ACCT-06,FIGMA INC CL A,FIG,316841105,1,21.17,,1,-0.25,,,-0.0117,0,,,
ACCT-11,VANGUARD FTSE DEVELOPED MARKETS ETF,VEA,,1,,,,,,,,,,,
ACCT-11,SPDR S&P 500 ETF TRUST,SPY,,1,,,,,,,,,,,
ACCT-07,PROGRESSIVE CORP OHIO,PGR,743315103,1,196.39,,1,0.01,,,0.0001,0.002,,,
ACCT-03,UBS Insured Sweep Program,,,,,,,,,,<.01%,0.001,,,
ACCT-05,AIRBNB INC CL A,ABNB,009066101,1,125.13,,1,-1.68,,,-0.0132,0,,,
ACCT-06,MERIT MEDICAL SYSTEM INC,MMSI,589889104,1,68.185,,1,0.38,,,0.005500000000000001,0,,,
ACCT-06,MODINE MFG CO,MOD,607828100,1,212.11,,1,-2.77,,,-0.0129,0,,,
ACCT-06,VISTANCE NETWORKS INC,VISN,20337X109,1,18.52,,1,-0.23,,,-0.0123,0,,,
ACCT-13,MASTERCARD INC CL A,MA,57636Q104,1,499.1,,1,-2.4,,,-0.0048,0.006999999999999999,,,
ACCT-13,AON PLC CL A,AON,G0403H108,1,321.965,,1,-4.21,,,-0.0129,0.009300000000000001,,,
ACCT-03,BEAM THERAPEUTICS INC,BEAM,07373V105,1,24.25,,1,0.02,,,0.0008,0,,,
ACCT-04,NXP SEMICONDUCTORS NV,NXPI,,1,,,,,,,,,,,
ACCT-10,ISHARES CORE MSCI EAFE ETF,IEFA,46432F842,1,91.035,,1,-0.86,,,-0.009300000000000001,0.0349,,,
ACCT-05,AUTODESK INC,ADSK,052769106,1,235.9,,1,-1.82,,,-0.0077,0,,,
ACCT-06,WORKIVA INC,WK,98139A105,1,59.44,,1,-0.33,,,-0.005500000000000001,0,,,
ACCT-04,ACCENTURE PLC CL A,ACN,,1,,,,,,,,,,,
ACCT-07,NESTLE S A SPONSORED ADR REPSTG REG SHS SWITZ ADR,NSRGY,641069406,1,97.94,,1,-0.62,,,-0.0063,0.0342,,,
ACCT-03,TERADYNE INC,TER,880770102,1,318.42,,1,2.99,,,0.0095,0.0016,,,
ACCT-06,TERADATA CORP NEW (DELA),TDC,88076W103,1,26.05,,1,0.12,,,0.0046,0,,,
ACCT-07,BERKSHIRE HATHAWAY INC NEW CL B,BRK.B,084670702,1,477.57,,1,1.19,,,0.0025,0,,,
ACCT-03,Trade Date Balance,,,,,,,,,,<.01%,,,,
ACCT-05,INSULET CORP,PODD,45784P101,1,204.82,,1,1.32,,,0.006500000000000001,0,,,
ACCT-05,IDEXX LABS,IDXX,45168D104,1,574.75,,1,-2.69,,,-0.004699999999999999,0,,,
ACCT-06,LIBERTY ENERGY INC CL A,LBRT,53115L104,1,28.14,,1,0.47,,,0.017,0.0128,,,
ACCT-05,JOHNSON CTLS INTL PLC,JCI,G51502105,1,132.99,,1,-0.76,,,-0.005699999999999999,0.012,,,
ACCT-01,ISHARES CORE MSCI EMERGING MARKETS ETF,IEMG,46434G103,1,69.77,,1,-0.37,,,-0.0053,0.0265,,,
ACCT-07,NEWMARKET CORP,NEU,651587107,1,643.27,,1,2.26,,,0.0035,0.0187,,,
ACCT-07,FEDEX CORP,FDX,31428X106,1,359.18,,1,0.34,,,0.0009,0.0161,,,
ACCT-03,COINBASE GLOBAL INC CL A,COIN,19260Q107,1,174.49,,1,-0.3,,,-0.0017,0,,,
ACCT-05,VERTIV HLDG CO,VRT,92537N108,1,258.2,,1,-0.53,,,-0.002,0.001,,,
ACCT-01,SCHWAB US BROAD MKT ETF,SCHB,808524102,1,25.38,,1,-0.06,,,-0.0024,0.0117,,,
ACCT-06,PENN ENTERTAINMENT INC,PENN,707569109,1,15.14,,1,0.48,,,0.0327,0,,,
ACCT-14,ISHARES CORE MSCI EAFE ETF,IEFA,46432F842,1,91.035,,1,-0.86,,,-0.009300000000000001,0.0349,,,
ACCT-05,LIBERTY MEDIA CORP LIBERTY FORMULA ONE SER A,FWONA,531229771,1,79.425,,1,-0.14,,,-0.0017,0,,,
ACCT-06,ELANCO ANIMAL HEALTH INC,ELAN,28414H103,1,22.68,,1,-0.14,,,-0.0061,0,,,
ACCT-03,COREWEAVE INC CL A,CRWV,21873S108,1,84.21,,1,3.27,,,0.0404,0,,,
ACCT-03,TESLA INC,TSLA,88160R101,1,343,,1,-9.82,,,-0.0278,0,,,
ACCT-03,DEERE AND CO,DE,244199105,1,573.955,,1,-1.13,,,-0.002,0.0113,,,
ACCT-07,CHEVRON CORP,CVX,166764100,1,201.071,,1,2.21,,,0.0111,0.0354,,,
ACCT-13,NETFLIX INC,NFLX,64110L106,1,99.025,,1,0.09,,,0.001,0,,,
ACCT-05,VIKING HLDGS LTD,VIK,G93A5A101,1,71.535,,1,-1.91,,,-0.0259,0,,,
ACCT-13,AMETEK INC (NEW),AME,031100100,1,218.1,,1,-0.32,,,-0.0015,0.0062,,,
ACCT-06,KLAVIYO INC SER A,KVYO,49845K101,1,18.715,,1,-0.5,,,-0.0258,0,,,
ACCT-03,BLOCK INC CL A,XYZ,852234103,1,60.275,,1,-0.41,,,-0.0067,0,,,
ACCT-13,PAN PAC INTL HLDGS CORP ADR,DQJCY,69807K105,1,12.135,,1,-0.3,,,-0.0245,0.0066,,,
ACCT-06,GARRETT MOTION INC,GTX,366505105,1,18.085,,1,-0.23,,,-0.0128,0.0155,,,
ACCT-07,ALPHABET INC CL C,GOOG,02079K107,1,301.19,,1,3.53,,,0.0119,0.0028,,,
ACCT-05,GRAINGER W W INC,GWW,384802104,1,1110.495,,1,-6.75,,,-0.006,0.008100000000000001,,,
ACCT-03,BAIDU INC ADS REPSNTG CL A ORDSHS SPON ADR,BIDU,056752108,1,109.7,,1,-1.58,,,-0.0142,0,,,
ACCT-07,REPUBLIC SERVICES INC,RSG,760759100,1,220.76,,1,-0.1,,,-0.0005,0.0113,,,
ACCT-06,PRIMORIS SERVICES CORP,PRIM,74164F103,1,148.57,,1,1.89,,,0.0129,0.0022,,,
ACCT-06,VSE CORP,VSEC,918284100,1,186.49,,1,-4.3,,,-0.0225,0.0021,,,
ACCT-13,BOSTON SCIENTIFIC CORP,BSX,101137107,1,61.39,,1,-1.2,,,-0.0192,0,,,
ACCT-13,GE VERNOVA LLC COM,GEV,36828A101,1,904,,1,6.64,,,0.0074,0.0019,,,
ACCT-13,SIEMENS A G SPON ADR,SIEGY,826197501,1,121.915,,1,-1.94,,,-0.0157,0.0191,,,
ACCT-06,XOMETRY INC,XMTR,98423F109,1,41.99,,1,-0.81,,,-0.0189,0,,,
ACCT-13,CME GROUP INC,CME,12572Q105,1,312.345,,1,3.78,,,0.0122,0.0359,,,
ACCT-06,FIGS INC CL A,FIGS,30260D103,1,13.62,,1,0.22,,,0.0164,0,,,
ACCT-13,AGILENT TECHNOLOGIES INC,A,00846U101,1,113.82,,1,-1.02,,,-0.0089,0.009000000000000001,,,
ACCT-13,ASML HLDG NV SPON ADR,ASML,N07059210,1,1299.1,,1,-4.91,,,-0.0038,0.0058,,,
ACCT-03,ARCHER AVIATION INC,ACHR,03945R102,1,5.405,,1,-0.13,,,-0.0244,0,,,
ACCT-13,UBS Insured Sweep Program,,,,,,,,,,<.01%,0.001,,,
ACCT-13,TE CONNECTIVITY PLC,TEL,G87052109,1,209.73,,1,0,,,<.01%,0.0149,,,
ACCT-01,ISHARES CORE MSCI EAFE ETF,IEFA,46432F842,1,91.035,,1,-0.86,,,-0.009300000000000001,0.0349,,,
ACCT-06,DIODES INC,DIOD,254543101,1,73.68,,1,0.06,,,0.0008,0,,,
ACCT-06,FIRSTCASH HLDGS INC,FCFS,33768G107,1,194.3,,1,3.91,,,0.0205,0.0086,,,
ACCT-03,ADVANCED MICRO DEVICES INC,AMD,007903107,1,219.83,,1,-0.35,,,-0.0016,0,,,
ACCT-06,NAVAN INC CL A,NAVN,639193101,1,12.59,,1,-0.01,,,-0.0008,0,,,
ACCT-03,PALANTIR TECHNOLOGIES INC CL A,PLTR,69608A108,1,149.085,,1,1.16,,,0.007800000000000001,0,,,
ACCT-12,ISHARES CORE MSCI EMERGING MARKETS ETF,IEMG,46434G103,1,69.77,,1,-0.37,,,-0.0053,0.0265,,,
ACCT-04,HP INC,HPQ,,1,,,,,,,,,,,
ACCT-06,VIAVI SOLUTIONS INC,VIAV,925550105,1,37.695,,1,1.83,,,0.0509,0,,,
ACCT-07,MARTIN MARIETTA MATERIALS INC,MLM,573284106,1,587.96,,1,-10.52,,,-0.0176,0.005600000000000001,,,
ACCT-09,STATE GO BOND SER A BE/R/ RATE 05.000% MATURES 10/01/32,,ZZ0000005,1,,,,,,,,,,,
ACCT-13,UNITEDHEALTH GROUP INC,UNH,91324P102,1,309.11,,1,27.75,,,0.0986,0.0286,,,
ACCT-05,WAYFAIR INC CL A,W,94419L101,1,68.82,,1,-3.13,,,-0.0435,0,,,
ACCT-03,DRAFTKINGS INC NEW CL A,DKNG,26142V105,1,23.02,,1,0.12,,,0.0052,0,,,
ACCT-04,WORKDAY INC CL A,WDAY,,1,,,,,,,,,,,
ACCT-13,GOLDMAN SACHS GROUP INC,GS,38141G104,1,863.5,,1,-2.55,,,-0.0029,0.0208,,,
ACCT-07,UBS Insured Sweep Program,,,,,,,,,,<.01%,0.001,,,
ACCT-05,DOCUSIGN INC,DOCU,256163106,1,47.8,,1,-0.25,,,-0.0052,0,,,
ACCT-04,CADENCE DESIGN SYSTEMS INC,CDNS,,1,,,,,,,,,,,
ACCT-05,CINTAS CORP,CTAS,172908105,1,170.035,,1,-1.66,,,-0.0096,0.0106,,,
ACCT-03,AMAZON.COM INC,AMZN,023135106,1,212.12,,1,-0.67,,,-0.0031,0,,,
ACCT-04,CISCO SYSTEMS INC,CSCO,,1,,,,,,,,,,,
ACCT-05,ON HLDG AG CL A CHF,ONON,H5919C104,1,32.41,,1,-1.26,,,-0.0374,0,,,
ACCT-06,VERTIV HLDG CO,VRT,92537N108,1,258.2,,1,-0.53,,,-0.002,0.001,,,
ACCT-07,Cash/Credit Balance,,,,,,,,,,<.01%,,,,
ACCT-05,UBS Insured Sweep Program,,,,,,,,,,<.01%,0.001,,,
ACCT-14,UBS BANK USA DEPOSIT ACCOUNT,,,,,,,,,,<.01%,0.001,,,
ACCT-13,SMURFIT WESTROCK PLC,SW,G8267P108,1,39.1,,1,-1.01,,,-0.0252,0.0446,,,
ACCT-06,VERACYTE INC,VCYT,92337F107,1,31.855,,1,-0.46,,,-0.0144,0,,,
ACCT-13,META PLATFORMS INC CL A,META,30303M102,1,570.49,,1,-2.53,,,-0.0044,0.0037,,,
ACCT-05,ALNYLAM PHARMACEUTICALS INC,ALNY,02043Q107,1,317.645,,1,-12.69,,,-0.0384,0,,,
ACCT-11,INVESCO QQQ TRUST,QQQ,,1,,,,,,,,,,,
ACCT-13,PROCTER & GAMBLE CO,PG,742718109,1,141.64,,1,-1.13,,,-0.0079,0.0298,,,
ACCT-04,MICROCHIP TECHNOLOGY INC,MCHP,,1,,,,,,,,,,,
ACCT-13,THERMO FISHER SCIENTIFIC INC,TMO,883556102,1,485.33,,1,-2.86,,,-0.0059,0.0039,,,
ACCT-13,COMPAGNIE DE SAINT-GOBAIN ADR,CODYY,204280309,1,16.52,,1,-0.08,,,-0.0048,0.021,,,
ACCT-13,BJS WHSL CLUB HLDGS INC,BJ,05550J101,1,95.18,,1,-0.41,,,-0.0043,0,,,
ACCT-06,REVOLVE GROUP INC,RVLV,76156B107,1,23.43,,1,-0.02,,,-0.0009,0,,,
ACCT-07,BLACKROCK INC,BLK,09290D101,1,957.29,,1,-2.12,,,-0.0022,0.0239,,,
ACCT-05,AXON ENTERPRISE INC COM,AXON,05464C101,1,375,,1,-38.07,,,-0.0922,0,,,
ACCT-07,LOWES COMPANIES INC,LOW,548661107,1,231.57,,1,-3.63,,,-0.0154,0.0207,,,
ACCT-05,ARES MANAGEMENT CORPORATION CLA COM,ARES,03990B101,1,102.88,,1,0.05,,,0.0005,0.0525,,,
ACCT-13,AIA GROUP LTD SPON ADR,AAGIY,001317205,1,44.225,,1,-0.25,,,-0.005699999999999999,0.0194,,,
ACCT-05,HOWMET AEROSPACE INC,HWM,443201108,1,235.92,,1,-0.65,,,-0.0027,0.002,,,
ACCT-06,GUARDANT HEALTH INC,GH,40131M109,1,91,,1,1.34,,,0.0149,0,,,
ACCT-05,BROADCOM INC,AVGO,11135F101,1,332.935,,1,18.5,,,0.05889999999999999,0.007800000000000001,,,
ACCT-09,STATE TURNPIKE AUTH RV BE/R/ RATE 05.000% MATURES 01/01/33,,ZZ0000006,1,,,,,,,,,,,
ACCT-13,SCHNEIDER ELEC SE UNSPONSORED ADR,SBGSY,80687P106,1,54.23,,1,-0.98,,,-0.0178,0.0067,,,
ACCT-02,UBS Insured Sweep Program,,,,,,,,,,<.01%,0.0003,,,
ACCT-03,TWIST BIOSCIENCE CORP,TWST,90184D100,1,50.18,,1,-1,,,-0.0195,0,,,
ACCT-13,BANCO SANTANDER S.A SPON ADR,SAN,05964H105,1,11.315,,1,-0.21,,,-0.0178,0.0178,,,
ACCT-06,CALIFORNIA RESOURCES CORP,CRC,13057Q305,1,68.415,,1,0.71,,,0.0104,0.0237,,,
ACCT-03,RECURSION PHARMACEUTICALS INC CL A,RXRX,75629V104,1,3.145,,1,0,,,-0.0016,0,,,
ACCT-06,BRIGHTSPRING HEALTH SVCS INC,BTSG,10950A106,1,43.87,,1,0.36,,,0.0083,0,,,
ACCT-04,INTERNATIONAL BUSINESS MACHINES,IBM,,1,,,,,,,,,,,
ACCT-05,SHOPIFY INC CL A,SHOP,82509L107,1,116.4,,1,-2.4,,,-0.0202,0,,,
ACCT-03,INTELLIA THERAPEUTICS INC,NTLA,45826J105,1,13.21,,1,-0.09,,,-0.0068,0,,,
ACCT-03,CRISPR THERAPEUTICS AG CHF,CRSP,H17182108,1,48.812,,1,-0.34,,,-0.0069,0,,,
ACCT-01,UBS BANK USA DEPOSIT ACCOUNT,,,,,,,,,,<.01%,0.001,,,
ACCT-05,FREEPORT-MCMORAN INC,FCX,35671D857,1,60.59,,1,-0.46,,,-0.0075,0.009899999999999999,,,
ACCT-05,FASTENAL CO,FAST,311900104,1,45.37,,1,-0.5,,,-0.0109,0.0212,,,
ACCT-07,O REILLY AUTOMOTIVE INC,ORLY,67103H107,1,91.53,,1,-0.6,,,-0.006500000000000001,0,,,
ACCT-07,SCHOOL DIST GO BOND SER A BE/R/ RATE 05.000% MATURES 02/15/34,,ZZ0000007,1,,,,,,,,,,,
ACCT-06,RADNET INC,RDNT,750491102,1,54.13,,1,-0.93,,,-0.0169,0,,,
ACCT-11,VANGUARD HIGH DIVIDEND YIELD ETF,VYM,,1,,,,,,,,,,,
ACCT-11,WATER & SEWER REVENUE BOND RV BE/R/ RATE 05.000% MATURES 05/15/35,,ZZ0000008,1,,,,,,,,,,,
ACCT-05,CROWDSTRIKE HLDGS INC CL A,CRWD,22788C105,1,403.69,,1,5.08,,,0.0127,0,,,
ACCT-13,NVIDIA CORP,NVDA,67066G104,1,175.88,,1,-1.76,,,-0.009899999999999999,0.0002,,,
ACCT-07,JOHNSON & JOHNSON COM,JNJ,478160104,1,238.05,,1,-2.92,,,-0.0121,0.0218,,,
ACCT-06,GLOBUS MED INC CL A,GMED,379577208,1,90.74,,1,2.14,,,0.0242,0,,,
ACCT-06,DUTCH BROS INC CL A,BROS,26701L100,1,53.585,,1,0.55,,,0.0105,0,,,
ACCT-04,LAM RESEARCH CORP,LRCX,,1,,,,,,,,,,,
ACCT-05,HILTON WORLDWIDE HOLDINGS INC,HLT,43300A203,1,303.59,,1,-3.29,,,-0.0107,0.002,,,
ACCT-11,SPDR DOW JONES INDUSTRIAL AVERAGE ETF,DIA,,1,,,,,,,,,,,
ACCT-11,VANGUARD DIVIDEND APPRECIATION ETF,VIG,,1,,,,,,,,,,,
ACCT-06,NEXTPOWER INC CL A,NXT,65290E101,1,107.655,,1,-0.41,,,-0.0037,0,,,
ACCT-03,NVIDIA CORP,NVDA,67066G104,1,175.88,,1,-1.76,,,-0.009899999999999999,0.0002,,,
ACCT-06,WARBY PARKER INC CL A,WRBY,93403J106,1,20.91,,1,-0.14,,,-0.0067,0,,,
ACCT-07,TE CONNECTIVITY PLC,TEL,G87052109,1,209.73,,1,0,,,<.01%,0.0149,,,
ACCT-04,APPLIED MATERIALS INC,AMAT,,1,,,,,,,,,,,
ACCT-12,ISHARES CORE MSCI EAFE ETF,IEFA,46432F842,1,91.035,,1,-0.86,,,-0.009300000000000001,0.0349,,,
ACCT-06,AAR CORP,AIR,000361105,1,114.24,,1,0.24,,,0.0021,0,,,
ACCT-03,SHOPIFY INC CL A,SHOP,82509L107,1,116.4,,1,-2.4,,,-0.0202,0,,,
ACCT-08,UBS Insured Sweep Program,,,,,,,,,,<.01%,0.0003,,,
ACCT-11,TECHNOLOGY SELECT SECTOR SPDR FUND,XLK,,1,,,,,,,,,,,
ACCT-04,ARISTA NETWORKS INC,ANET,,1,,,,,,,,,,,
ACCT-06,FORMFACTOR INC,FORM,346375108,1,104.545,,1,0.08,,,0.0007000000000000001,0,,,
ACCT-03,NATERA INC,NTRA,632307104,1,207.235,,1,2.37,,,0.0115,0,,,
ACCT-06,ARGAN INC,AGX,04010E109,1,570,,1,-2.31,,,-0.004,0.0035,,,
ACCT-04,QUALCOMM INC,QCOM,,1,,,,,,,,,,,
ACCT-14,ISHARES CORE MSCI EMERGING MARKETS ETF,IEMG,46434G103,1,69.77,,1,-0.37,,,-0.0053,0.0265,,,
ACCT-05,TE CONNECTIVITY PLC,TEL,G87052109,1,209.73,,1,0,,,<.01%,0.0149,,,
ACCT-05,STARBUCKS CORP,SBUX,855244109,1,94.81,,1,0.03,,,0.0003,0.0262,,,
ACCT-13,HDFC BANK LTD SPON ADR,HDB,40415F101,1,25.5,,1,-0.17,,,-0.0066,0.0126,,,
ACCT-11,ISHARES CORE S&P 500 ETF,IVV,,1,,,,,,,,,,,
ACCT-01,HEALTH FACILITIES REVENUE BOND RV BE/R/ RATE 05.000% MATURES 06/01/36,,ZZ0000009,1,,,,,,,,,,,
ACCT-04,ORACLE CORP,ORCL,,1,,,,,,,,,,,
ACCT-05,MSCI INC,MSCI,55354G100,1,551.03,,1,4.32,,,0.0079,0.0149,,,
ACCT-11,SPDR GOLD SHARES,GLD,,1,,,,,,,,,,,
ACCT-06,US TREASURY NOTE MATURES 04/30/27,,ZZ0000010,1,,,,,,,,,,,
ACCT-05,XPO INC,XPO,983793100,1,204.84,,1,-0.28,,,-0.0014,0,,,
ACCT-13,ASTRAZENECA PLC,AZN,G0593M107,1,199.7,,1,-3.13,,,-0.0154,0.016,,,
ACCT-03,META PLATFORMS INC CL A,META,30303M102,1,570.49,,1,-2.53,,,-0.0044,0.0037,,,
ACCT-11,VANECK SEMICONDUCTOR ETF,SMH,,1,,,,,,,,,,,
ACCT-05,SPOTIFY TECHNOLOGY SA EUR,SPOT,L8681T102,1,485.69,,1,1.21,,,0.0025,0,,,
ACCT-07,ENTEGRIS INC,ENTG,29362U104,1,116.77,,1,1.09,,,0.009399999999999999,0.0034,,,
ACCT-14,SCHWAB US BROAD MKT ETF,SCHB,808524102,1,25.38,,1,-0.06,,,-0.0024,0.0117,,,
ACCT-06,TREX CO INC,TREX,89531P105,1,35.69,,1,-0.35,,,-0.0097,0,,,
ACCT-13,EBARA CORP ADR,EBCOY,278614201,1,14.385,,1,0.08,,,0.0059,0.0083,,,
ACCT-05,ROBINHOOD MKTS INC CL A,HOOD,770700102,1,69.02,,1,-0.76,,,-0.0109,0,,,
ACCT-13,APPLE INC,AAPL,037833100,1,250.325,,1,-8.54,,,-0.033,0.0042,,,
ACCT-07,CHUBB LTD CHF,CB,H1467J104,1,328.52,,1,1.62,,,0.005,0.0118,,,
ACCT-07,AIR PROD & CHEMICAL INC,APD,009158106,1,294.04,,1,-0.08,,,-0.0003,0.0246,,,
ACCT-05,APPLOVIN CORP CL A,APP,03831W108,1,414.03,,1,1.35,,,0.0033,0,,,
ACCT-06,VIASAT INC,VSAT,92552V100,1,53.58,,1,1.48,,,0.0284,0,,,
ACCT-06,FIVE BELOW INC,FIVE,33829M101,1,229.14,,1,-4.58,,,-0.0196,0,,,
ACCT-06,KULICKE & SOFFA IND,KLIC,501242101,1,66.715,,1,0.09,,,0.0014,0.0123,,,
ACCT-15,E-MINI S&P 500 FUTURE MAR 2027,ESH7,,1,,,,,,,,,,,
ACCT-15,E-MINI NASDAQ-100 FUTURE JUN 2026,NQM6,,1,,,,,,,,,,,
ACCT-15,CRUDE OIL FUTURE JUL 2026,CLN6,,1,,,,,,,,,,,
ACCT-15,COMEX GOLD FUTURE JAN 2027,GCF7,,1,,,,,,,,,,,
ACCT-15,US TREASURY BOND FUTURE JUN 2026,ZBM6,,1,,,,,,,,,,,
